{"cameraMode":{"drawMode":0,"name":"Shaded","section":"Shading Mode"},"sceneLighting":true,"audioPlay":false,"sceneViewState":{"m_AlwaysRefresh":false,"showFog":true,"showSkybox":true,"showFlares":true,"showImageEffects":true,"showParticleSystems":true,"showVisualEffectGraphs":true,"m_FxEnabled":true},"in2DMode":false,"pivot":{"x":-0.02232414484024048,"y":0.44056642055511477,"z":0.234147846698761},"rotation":{"x":0.5022891163825989,"y":0.49568796157836916,"z":-0.5317758321762085,"w":0.46821683645248415},"size":1.317734718322754,"orthographic":true}