{"cameraMode":{"drawMode":0,"name":"Shaded","section":"Shading Mode"},"sceneLighting":true,"audioPlay":false,"sceneViewState":{"m_AlwaysRefresh":false,"showFog":true,"showSkybox":true,"showFlares":true,"showImageEffects":true,"showParticleSystems":true,"showVisualEffectGraphs":true,"m_FxEnabled":true},"in2DMode":false,"pivot":{"x":1.8553998470306397,"y":-0.1481364369392395,"z":0.15424668788909913},"rotation":{"x":0.07796583324670792,"y":0.69651859998703,"z":-0.07657501101493836,"w":0.7091696262359619},"size":2.446585178375244,"orthographic":false}